DeepCSV;OperatingPoint, measurementType, sysType, jetFlavor, etaMin, etaMax, ptMin, ptMax, discrMin, discrMax, formula 
0, mujets, central, 1, -2.5, 2.5, 20, 1000, 0, 1, "0.981028+3.46542e-07*log(x+19)*log(x+18)*(3-69.4533*log(x+18))" 
0, mujets, central, 0, -2.5, 2.5, 20, 1000, 0, 1, "0.981028+3.46542e-07*log(x+19)*log(x+18)*(3-69.4533*log(x+18))" 
0, mujets, down, 1, -2.5, 2.5, 20, 30, 0, 1, "0.981028+3.46542e-07*log(x+19)*log(x+18)*(3-69.4533*log(x+18))-0.053769886493682861" 
0, mujets, down, 1, -2.5, 2.5, 30, 50, 0, 1, "0.981028+3.46542e-07*log(x+19)*log(x+18)*(3-69.4533*log(x+18))-0.015266244299709797" 
0, mujets, down, 1, -2.5, 2.5, 50, 70, 0, 1, "0.981028+3.46542e-07*log(x+19)*log(x+18)*(3-69.4533*log(x+18))-0.033111993223428726" 
0, mujets, down, 1, -2.5, 2.5, 70, 100, 0, 1, "0.981028+3.46542e-07*log(x+19)*log(x+18)*(3-69.4533*log(x+18))-0.03585578128695488" 
0, mujets, down, 1, -2.5, 2.5, 100, 140, 0, 1, "0.981028+3.46542e-07*log(x+19)*log(x+18)*(3-69.4533*log(x+18))-0.056990727782249451" 
0, mujets, down, 1, -2.5, 2.5, 140, 200, 0, 1, "0.981028+3.46542e-07*log(x+19)*log(x+18)*(3-69.4533*log(x+18))-0.16572444140911102" 
0, mujets, down, 1, -2.5, 2.5, 200, 300, 0, 1, "0.981028+3.46542e-07*log(x+19)*log(x+18)*(3-69.4533*log(x+18))-0.17787130177021027" 
0, mujets, down, 1, -2.5, 2.5, 300, 600, 0, 1, "0.981028+3.46542e-07*log(x+19)*log(x+18)*(3-69.4533*log(x+18))-0.13594286143779755" 
0, mujets, down, 1, -2.5, 2.5, 600, 1000, 0, 1, "0.981028+3.46542e-07*log(x+19)*log(x+18)*(3-69.4533*log(x+18))-0.18480485677719116" 
0, mujets, down, 0, -2.5, 2.5, 20, 30, 0, 1, "0.981028+3.46542e-07*log(x+19)*log(x+18)*(3-69.4533*log(x+18))-0.021507954224944115" 
0, mujets, down, 0, -2.5, 2.5, 30, 50, 0, 1, "0.981028+3.46542e-07*log(x+19)*log(x+18)*(3-69.4533*log(x+18))-0.0061064977198839188" 
0, mujets, down, 0, -2.5, 2.5, 50, 70, 0, 1, "0.981028+3.46542e-07*log(x+19)*log(x+18)*(3-69.4533*log(x+18))-0.013244797475636005" 
0, mujets, down, 0, -2.5, 2.5, 70, 100, 0, 1, "0.981028+3.46542e-07*log(x+19)*log(x+18)*(3-69.4533*log(x+18))-0.014342312701046467" 
0, mujets, down, 0, -2.5, 2.5, 100, 140, 0, 1, "0.981028+3.46542e-07*log(x+19)*log(x+18)*(3-69.4533*log(x+18))-0.02279629185795784" 
0, mujets, down, 0, -2.5, 2.5, 140, 200, 0, 1, "0.981028+3.46542e-07*log(x+19)*log(x+18)*(3-69.4533*log(x+18))-0.06628977507352829" 
0, mujets, down, 0, -2.5, 2.5, 200, 300, 0, 1, "0.981028+3.46542e-07*log(x+19)*log(x+18)*(3-69.4533*log(x+18))-0.071148522198200226" 
0, mujets, down, 0, -2.5, 2.5, 300, 600, 0, 1, "0.981028+3.46542e-07*log(x+19)*log(x+18)*(3-69.4533*log(x+18))-0.054377142339944839" 
0, mujets, down, 0, -2.5, 2.5, 600, 1000, 0, 1, "0.981028+3.46542e-07*log(x+19)*log(x+18)*(3-69.4533*log(x+18))-0.073921941220760345" 
0, mujets, up, 1, -2.5, 2.5, 20, 30, 0, 1, "0.981028+3.46542e-07*log(x+19)*log(x+18)*(3-69.4533*log(x+18))+0.053769886493682861" 
0, mujets, up, 1, -2.5, 2.5, 30, 50, 0, 1, "0.981028+3.46542e-07*log(x+19)*log(x+18)*(3-69.4533*log(x+18))+0.015266244299709797" 
0, mujets, up, 1, -2.5, 2.5, 50, 70, 0, 1, "0.981028+3.46542e-07*log(x+19)*log(x+18)*(3-69.4533*log(x+18))+0.033111993223428726" 
0, mujets, up, 1, -2.5, 2.5, 70, 100, 0, 1, "0.981028+3.46542e-07*log(x+19)*log(x+18)*(3-69.4533*log(x+18))+0.03585578128695488" 
0, mujets, up, 1, -2.5, 2.5, 100, 140, 0, 1, "0.981028+3.46542e-07*log(x+19)*log(x+18)*(3-69.4533*log(x+18))+0.056990727782249451" 
0, mujets, up, 1, -2.5, 2.5, 140, 200, 0, 1, "0.981028+3.46542e-07*log(x+19)*log(x+18)*(3-69.4533*log(x+18))+0.16572444140911102" 
0, mujets, up, 1, -2.5, 2.5, 200, 300, 0, 1, "0.981028+3.46542e-07*log(x+19)*log(x+18)*(3-69.4533*log(x+18))+0.17787130177021027" 
0, mujets, up, 1, -2.5, 2.5, 300, 600, 0, 1, "0.981028+3.46542e-07*log(x+19)*log(x+18)*(3-69.4533*log(x+18))+0.13594286143779755" 
0, mujets, up, 1, -2.5, 2.5, 600, 1000, 0, 1, "0.981028+3.46542e-07*log(x+19)*log(x+18)*(3-69.4533*log(x+18))+0.18480485677719116" 
0, mujets, up, 0, -2.5, 2.5, 20, 30, 0, 1, "0.981028+3.46542e-07*log(x+19)*log(x+18)*(3-69.4533*log(x+18))+0.021507954224944115" 
0, mujets, up, 0, -2.5, 2.5, 30, 50, 0, 1, "0.981028+3.46542e-07*log(x+19)*log(x+18)*(3-69.4533*log(x+18))+0.0061064977198839188" 
0, mujets, up, 0, -2.5, 2.5, 50, 70, 0, 1, "0.981028+3.46542e-07*log(x+19)*log(x+18)*(3-69.4533*log(x+18))+0.013244797475636005" 
0, mujets, up, 0, -2.5, 2.5, 70, 100, 0, 1, "0.981028+3.46542e-07*log(x+19)*log(x+18)*(3-69.4533*log(x+18))+0.014342312701046467" 
0, mujets, up, 0, -2.5, 2.5, 100, 140, 0, 1, "0.981028+3.46542e-07*log(x+19)*log(x+18)*(3-69.4533*log(x+18))+0.02279629185795784" 
0, mujets, up, 0, -2.5, 2.5, 140, 200, 0, 1, "0.981028+3.46542e-07*log(x+19)*log(x+18)*(3-69.4533*log(x+18))+0.06628977507352829" 
0, mujets, up, 0, -2.5, 2.5, 200, 300, 0, 1, "0.981028+3.46542e-07*log(x+19)*log(x+18)*(3-69.4533*log(x+18))+0.071148522198200226" 
0, mujets, up, 0, -2.5, 2.5, 300, 600, 0, 1, "0.981028+3.46542e-07*log(x+19)*log(x+18)*(3-69.4533*log(x+18))+0.054377142339944839" 
0, mujets, up, 0, -2.5, 2.5, 600, 1000, 0, 1, "0.981028+3.46542e-07*log(x+19)*log(x+18)*(3-69.4533*log(x+18))+0.073921941220760345" 
1, mujets, central, 1, -2.5, 2.5, 20, 1000, 0, 1, "0.929837+1.22988e-06*log(x+19)*log(x+18)*(3- -236.437*log(x+18))" 
1, mujets, central, 0, -2.5, 2.5, 20, 1000, 0, 1, "0.929837+1.22988e-06*log(x+19)*log(x+18)*(3- -236.437*log(x+18))" 
1, mujets, down, 1, -2.5, 2.5, 20, 30, 0, 1, "0.929837+1.22988e-06*log(x+19)*log(x+18)*(3- -236.437*log(x+18))-0.091957375407218933" 
1, mujets, down, 1, -2.5, 2.5, 30, 50, 0, 1, "0.929837+1.22988e-06*log(x+19)*log(x+18)*(3- -236.437*log(x+18))-0.032607883214950562" 
1, mujets, down, 1, -2.5, 2.5, 50, 70, 0, 1, "0.929837+1.22988e-06*log(x+19)*log(x+18)*(3- -236.437*log(x+18))-0.072897948324680328" 
1, mujets, down, 1, -2.5, 2.5, 70, 100, 0, 1, "0.929837+1.22988e-06*log(x+19)*log(x+18)*(3- -236.437*log(x+18))-0.078558340668678284" 
1, mujets, down, 1, -2.5, 2.5, 100, 140, 0, 1, "0.929837+1.22988e-06*log(x+19)*log(x+18)*(3- -236.437*log(x+18))-0.14202827215194702" 
1, mujets, down, 1, -2.5, 2.5, 140, 200, 0, 1, "0.929837+1.22988e-06*log(x+19)*log(x+18)*(3- -236.437*log(x+18))-0.29153507947921753" 
1, mujets, down, 1, -2.5, 2.5, 200, 300, 0, 1, "0.929837+1.22988e-06*log(x+19)*log(x+18)*(3- -236.437*log(x+18))-0.31575104594230652" 
1, mujets, down, 1, -2.5, 2.5, 300, 600, 0, 1, "0.929837+1.22988e-06*log(x+19)*log(x+18)*(3- -236.437*log(x+18))-0.21768921613693237" 
1, mujets, down, 1, -2.5, 2.5, 600, 1000, 0, 1, "0.929837+1.22988e-06*log(x+19)*log(x+18)*(3- -236.437*log(x+18))-0.22142305970191956" 
1, mujets, down, 0, -2.5, 2.5, 20, 30, 0, 1, "0.929837+1.22988e-06*log(x+19)*log(x+18)*(3- -236.437*log(x+18))-0.030652457848191261" 
1, mujets, down, 0, -2.5, 2.5, 30, 50, 0, 1, "0.929837+1.22988e-06*log(x+19)*log(x+18)*(3- -236.437*log(x+18))-0.010869294404983521" 
1, mujets, down, 0, -2.5, 2.5, 50, 70, 0, 1, "0.929837+1.22988e-06*log(x+19)*log(x+18)*(3- -236.437*log(x+18))-0.024299316108226776" 
1, mujets, down, 0, -2.5, 2.5, 70, 100, 0, 1, "0.929837+1.22988e-06*log(x+19)*log(x+18)*(3- -236.437*log(x+18))-0.026186112314462662" 
1, mujets, down, 0, -2.5, 2.5, 100, 140, 0, 1, "0.929837+1.22988e-06*log(x+19)*log(x+18)*(3- -236.437*log(x+18))-0.047342758625745773" 
1, mujets, down, 0, -2.5, 2.5, 140, 200, 0, 1, "0.929837+1.22988e-06*log(x+19)*log(x+18)*(3- -236.437*log(x+18))-0.097178362309932709" 
1, mujets, down, 0, -2.5, 2.5, 200, 300, 0, 1, "0.929837+1.22988e-06*log(x+19)*log(x+18)*(3- -236.437*log(x+18))-0.10525035113096237" 
1, mujets, down, 0, -2.5, 2.5, 300, 600, 0, 1, "0.929837+1.22988e-06*log(x+19)*log(x+18)*(3- -236.437*log(x+18))-0.07256307452917099" 
1, mujets, down, 0, -2.5, 2.5, 600, 1000, 0, 1, "0.929837+1.22988e-06*log(x+19)*log(x+18)*(3- -236.437*log(x+18))-0.073807686567306519" 
1, mujets, up, 1, -2.5, 2.5, 20, 30, 0, 1, "0.929837+1.22988e-06*log(x+19)*log(x+18)*(3- -236.437*log(x+18))+0.091957375407218933" 
1, mujets, up, 1, -2.5, 2.5, 30, 50, 0, 1, "0.929837+1.22988e-06*log(x+19)*log(x+18)*(3- -236.437*log(x+18))+0.032607883214950562" 
1, mujets, up, 1, -2.5, 2.5, 50, 70, 0, 1, "0.929837+1.22988e-06*log(x+19)*log(x+18)*(3- -236.437*log(x+18))+0.072897948324680328" 
1, mujets, up, 1, -2.5, 2.5, 70, 100, 0, 1, "0.929837+1.22988e-06*log(x+19)*log(x+18)*(3- -236.437*log(x+18))+0.078558340668678284" 
1, mujets, up, 1, -2.5, 2.5, 100, 140, 0, 1, "0.929837+1.22988e-06*log(x+19)*log(x+18)*(3- -236.437*log(x+18))+0.14202827215194702" 
1, mujets, up, 1, -2.5, 2.5, 140, 200, 0, 1, "0.929837+1.22988e-06*log(x+19)*log(x+18)*(3- -236.437*log(x+18))+0.29153507947921753" 
1, mujets, up, 1, -2.5, 2.5, 200, 300, 0, 1, "0.929837+1.22988e-06*log(x+19)*log(x+18)*(3- -236.437*log(x+18))+0.31575104594230652" 
1, mujets, up, 1, -2.5, 2.5, 300, 600, 0, 1, "0.929837+1.22988e-06*log(x+19)*log(x+18)*(3- -236.437*log(x+18))+0.21768921613693237" 
1, mujets, up, 1, -2.5, 2.5, 600, 1000, 0, 1, "0.929837+1.22988e-06*log(x+19)*log(x+18)*(3- -236.437*log(x+18))+0.22142305970191956" 
1, mujets, up, 0, -2.5, 2.5, 20, 30, 0, 1, "0.929837+1.22988e-06*log(x+19)*log(x+18)*(3- -236.437*log(x+18))+0.030652457848191261" 
1, mujets, up, 0, -2.5, 2.5, 30, 50, 0, 1, "0.929837+1.22988e-06*log(x+19)*log(x+18)*(3- -236.437*log(x+18))+0.010869294404983521" 
1, mujets, up, 0, -2.5, 2.5, 50, 70, 0, 1, "0.929837+1.22988e-06*log(x+19)*log(x+18)*(3- -236.437*log(x+18))+0.024299316108226776" 
1, mujets, up, 0, -2.5, 2.5, 70, 100, 0, 1, "0.929837+1.22988e-06*log(x+19)*log(x+18)*(3- -236.437*log(x+18))+0.026186112314462662" 
1, mujets, up, 0, -2.5, 2.5, 100, 140, 0, 1, "0.929837+1.22988e-06*log(x+19)*log(x+18)*(3- -236.437*log(x+18))+0.047342758625745773" 
1, mujets, up, 0, -2.5, 2.5, 140, 200, 0, 1, "0.929837+1.22988e-06*log(x+19)*log(x+18)*(3- -236.437*log(x+18))+0.097178362309932709" 
1, mujets, up, 0, -2.5, 2.5, 200, 300, 0, 1, "0.929837+1.22988e-06*log(x+19)*log(x+18)*(3- -236.437*log(x+18))+0.10525035113096237" 
1, mujets, up, 0, -2.5, 2.5, 300, 600, 0, 1, "0.929837+1.22988e-06*log(x+19)*log(x+18)*(3- -236.437*log(x+18))+0.07256307452917099" 
1, mujets, up, 0, -2.5, 2.5, 600, 1000, 0, 1, "0.929837+1.22988e-06*log(x+19)*log(x+18)*(3- -236.437*log(x+18))+0.073807686567306519" 
2, mujets, central, 1, -2.5, 2.5, 20, 1000, 0, 1, "0.889184+1.03526e-05*log(x+19)*log(x+18)*(3- -30.3975*log(x+18))" 
2, mujets, central, 0, -2.5, 2.5, 20, 1000, 0, 1, "0.889184+1.03526e-05*log(x+19)*log(x+18)*(3- -30.3975*log(x+18))" 
2, mujets, down, 1, -2.5, 2.5, 20, 30, 0, 1, "0.889184+1.03526e-05*log(x+19)*log(x+18)*(3- -30.3975*log(x+18))-0.13225945830345154" 
2, mujets, down, 1, -2.5, 2.5, 30, 50, 0, 1, "0.889184+1.03526e-05*log(x+19)*log(x+18)*(3- -30.3975*log(x+18))-0.049073703587055206" 
2, mujets, down, 1, -2.5, 2.5, 50, 70, 0, 1, "0.889184+1.03526e-05*log(x+19)*log(x+18)*(3- -30.3975*log(x+18))-0.082863375544548035" 
2, mujets, down, 1, -2.5, 2.5, 70, 100, 0, 1, "0.889184+1.03526e-05*log(x+19)*log(x+18)*(3- -30.3975*log(x+18))-0.075630530714988708" 
2, mujets, down, 1, -2.5, 2.5, 100, 140, 0, 1, "0.889184+1.03526e-05*log(x+19)*log(x+18)*(3- -30.3975*log(x+18))-0.1840985119342804" 
2, mujets, down, 1, -2.5, 2.5, 140, 200, 0, 1, "0.889184+1.03526e-05*log(x+19)*log(x+18)*(3- -30.3975*log(x+18))-0.3987579345703125" 
2, mujets, down, 1, -2.5, 2.5, 200, 300, 0, 1, "0.889184+1.03526e-05*log(x+19)*log(x+18)*(3- -30.3975*log(x+18))-0.43613317608833313" 
2, mujets, down, 1, -2.5, 2.5, 300, 600, 0, 1, "0.889184+1.03526e-05*log(x+19)*log(x+18)*(3- -30.3975*log(x+18))-0.22566531598567963" 
2, mujets, down, 1, -2.5, 2.5, 600, 1000, 0, 1, "0.889184+1.03526e-05*log(x+19)*log(x+18)*(3- -30.3975*log(x+18))-0.25857973098754883" 
2, mujets, down, 0, -2.5, 2.5, 20, 30, 0, 1, "0.889184+1.03526e-05*log(x+19)*log(x+18)*(3- -30.3975*log(x+18))-0.037788417190313339" 
2, mujets, down, 0, -2.5, 2.5, 30, 50, 0, 1, "0.889184+1.03526e-05*log(x+19)*log(x+18)*(3- -30.3975*log(x+18))-0.014021058566868305" 
2, mujets, down, 0, -2.5, 2.5, 50, 70, 0, 1, "0.889184+1.03526e-05*log(x+19)*log(x+18)*(3- -30.3975*log(x+18))-0.023675249889492989" 
2, mujets, down, 0, -2.5, 2.5, 70, 100, 0, 1, "0.889184+1.03526e-05*log(x+19)*log(x+18)*(3- -30.3975*log(x+18))-0.021608723327517509" 
2, mujets, down, 0, -2.5, 2.5, 100, 140, 0, 1, "0.889184+1.03526e-05*log(x+19)*log(x+18)*(3- -30.3975*log(x+18))-0.052599575370550156" 
2, mujets, down, 0, -2.5, 2.5, 140, 200, 0, 1, "0.889184+1.03526e-05*log(x+19)*log(x+18)*(3- -30.3975*log(x+18))-0.1139308363199234" 
2, mujets, down, 0, -2.5, 2.5, 200, 300, 0, 1, "0.889184+1.03526e-05*log(x+19)*log(x+18)*(3- -30.3975*log(x+18))-0.12460947781801224" 
2, mujets, down, 0, -2.5, 2.5, 300, 600, 0, 1, "0.889184+1.03526e-05*log(x+19)*log(x+18)*(3- -30.3975*log(x+18))-0.064475804567337036" 
2, mujets, down, 0, -2.5, 2.5, 600, 1000, 0, 1, "0.889184+1.03526e-05*log(x+19)*log(x+18)*(3- -30.3975*log(x+18))-0.073879919946193695" 
2, mujets, up, 1, -2.5, 2.5, 20, 30, 0, 1, "0.889184+1.03526e-05*log(x+19)*log(x+18)*(3- -30.3975*log(x+18))+0.13225945830345154" 
2, mujets, up, 1, -2.5, 2.5, 30, 50, 0, 1, "0.889184+1.03526e-05*log(x+19)*log(x+18)*(3- -30.3975*log(x+18))+0.049073703587055206" 
2, mujets, up, 1, -2.5, 2.5, 50, 70, 0, 1, "0.889184+1.03526e-05*log(x+19)*log(x+18)*(3- -30.3975*log(x+18))+0.082863375544548035" 
2, mujets, up, 1, -2.5, 2.5, 70, 100, 0, 1, "0.889184+1.03526e-05*log(x+19)*log(x+18)*(3- -30.3975*log(x+18))+0.075630530714988708" 
2, mujets, up, 1, -2.5, 2.5, 100, 140, 0, 1, "0.889184+1.03526e-05*log(x+19)*log(x+18)*(3- -30.3975*log(x+18))+0.1840985119342804" 
2, mujets, up, 1, -2.5, 2.5, 140, 200, 0, 1, "0.889184+1.03526e-05*log(x+19)*log(x+18)*(3- -30.3975*log(x+18))+0.3987579345703125" 
2, mujets, up, 1, -2.5, 2.5, 200, 300, 0, 1, "0.889184+1.03526e-05*log(x+19)*log(x+18)*(3- -30.3975*log(x+18))+0.43613317608833313" 
2, mujets, up, 1, -2.5, 2.5, 300, 600, 0, 1, "0.889184+1.03526e-05*log(x+19)*log(x+18)*(3- -30.3975*log(x+18))+0.22566531598567963" 
2, mujets, up, 1, -2.5, 2.5, 600, 1000, 0, 1, "0.889184+1.03526e-05*log(x+19)*log(x+18)*(3- -30.3975*log(x+18))+0.25857973098754883" 
2, mujets, up, 0, -2.5, 2.5, 20, 30, 0, 1, "0.889184+1.03526e-05*log(x+19)*log(x+18)*(3- -30.3975*log(x+18))+0.037788417190313339" 
2, mujets, up, 0, -2.5, 2.5, 30, 50, 0, 1, "0.889184+1.03526e-05*log(x+19)*log(x+18)*(3- -30.3975*log(x+18))+0.014021058566868305" 
2, mujets, up, 0, -2.5, 2.5, 50, 70, 0, 1, "0.889184+1.03526e-05*log(x+19)*log(x+18)*(3- -30.3975*log(x+18))+0.023675249889492989" 
2, mujets, up, 0, -2.5, 2.5, 70, 100, 0, 1, "0.889184+1.03526e-05*log(x+19)*log(x+18)*(3- -30.3975*log(x+18))+0.021608723327517509" 
2, mujets, up, 0, -2.5, 2.5, 100, 140, 0, 1, "0.889184+1.03526e-05*log(x+19)*log(x+18)*(3- -30.3975*log(x+18))+0.052599575370550156" 
2, mujets, up, 0, -2.5, 2.5, 140, 200, 0, 1, "0.889184+1.03526e-05*log(x+19)*log(x+18)*(3- -30.3975*log(x+18))+0.1139308363199234" 
2, mujets, up, 0, -2.5, 2.5, 200, 300, 0, 1, "0.889184+1.03526e-05*log(x+19)*log(x+18)*(3- -30.3975*log(x+18))+0.12460947781801224" 
2, mujets, up, 0, -2.5, 2.5, 300, 600, 0, 1, "0.889184+1.03526e-05*log(x+19)*log(x+18)*(3- -30.3975*log(x+18))+0.064475804567337036" 
2, mujets, up, 0, -2.5, 2.5, 600, 1000, 0, 1, "0.889184+1.03526e-05*log(x+19)*log(x+18)*(3- -30.3975*log(x+18))+0.073879919946193695" 
0, comb, central, 1, -2.5, 2.5, 20, 1000, 0, 1, "0.898139+0.00358631*log(x+19)*log(x+18)*(3-0.416539*log(x+18))" 
0, comb, central, 0, -2.5, 2.5, 20, 1000, 0, 1, "0.898139+0.00358631*log(x+19)*log(x+18)*(3-0.416539*log(x+18))" 
0, comb, down, 1, -2.5, 2.5, 20, 30, 0, 1, "0.898139+0.00358631*log(x+19)*log(x+18)*(3-0.416539*log(x+18))-0.05296049639582634" 
0, comb, down, 1, -2.5, 2.5, 30, 50, 0, 1, "0.898139+0.00358631*log(x+19)*log(x+18)*(3-0.416539*log(x+18))-0.013621058315038681" 
0, comb, down, 1, -2.5, 2.5, 50, 70, 0, 1, "0.898139+0.00358631*log(x+19)*log(x+18)*(3-0.416539*log(x+18))-0.015553319826722145" 
0, comb, down, 1, -2.5, 2.5, 70, 100, 0, 1, "0.898139+0.00358631*log(x+19)*log(x+18)*(3-0.416539*log(x+18))-0.012797590345144272" 
0, comb, down, 1, -2.5, 2.5, 100, 140, 0, 1, "0.898139+0.00358631*log(x+19)*log(x+18)*(3-0.416539*log(x+18))-0.014703827910125256" 
0, comb, down, 1, -2.5, 2.5, 140, 200, 0, 1, "0.898139+0.00358631*log(x+19)*log(x+18)*(3-0.416539*log(x+18))-0.017590876668691635" 
0, comb, down, 1, -2.5, 2.5, 200, 300, 0, 1, "0.898139+0.00358631*log(x+19)*log(x+18)*(3-0.416539*log(x+18))-0.047036763280630112" 
0, comb, down, 1, -2.5, 2.5, 300, 600, 0, 1, "0.898139+0.00358631*log(x+19)*log(x+18)*(3-0.416539*log(x+18))-0.10389770567417145" 
0, comb, down, 1, -2.5, 2.5, 600, 1000, 0, 1, "0.898139+0.00358631*log(x+19)*log(x+18)*(3-0.416539*log(x+18))-0.17651797831058502" 
0, comb, down, 0, -2.5, 2.5, 20, 30, 0, 1, "0.898139+0.00358631*log(x+19)*log(x+18)*(3-0.416539*log(x+18))-0.021184198558330536" 
0, comb, down, 0, -2.5, 2.5, 30, 50, 0, 1, "0.898139+0.00358631*log(x+19)*log(x+18)*(3-0.416539*log(x+18))-0.0054484233260154724" 
0, comb, down, 0, -2.5, 2.5, 50, 70, 0, 1, "0.898139+0.00358631*log(x+19)*log(x+18)*(3-0.416539*log(x+18))-0.006221327930688858" 
0, comb, down, 0, -2.5, 2.5, 70, 100, 0, 1, "0.898139+0.00358631*log(x+19)*log(x+18)*(3-0.416539*log(x+18))-0.0051190359517931938" 
0, comb, down, 0, -2.5, 2.5, 100, 140, 0, 1, "0.898139+0.00358631*log(x+19)*log(x+18)*(3-0.416539*log(x+18))-0.0058815311640501022" 
0, comb, down, 0, -2.5, 2.5, 140, 200, 0, 1, "0.898139+0.00358631*log(x+19)*log(x+18)*(3-0.416539*log(x+18))-0.0070363506674766541" 
0, comb, down, 0, -2.5, 2.5, 200, 300, 0, 1, "0.898139+0.00358631*log(x+19)*log(x+18)*(3-0.416539*log(x+18))-0.018814705312252045" 
0, comb, down, 0, -2.5, 2.5, 300, 600, 0, 1, "0.898139+0.00358631*log(x+19)*log(x+18)*(3-0.416539*log(x+18))-0.041559081524610519" 
0, comb, down, 0, -2.5, 2.5, 600, 1000, 0, 1, "0.898139+0.00358631*log(x+19)*log(x+18)*(3-0.416539*log(x+18))-0.070607192814350128" 
0, comb, up, 1, -2.5, 2.5, 20, 30, 0, 1, "0.898139+0.00358631*log(x+19)*log(x+18)*(3-0.416539*log(x+18))+0.05296049639582634" 
0, comb, up, 1, -2.5, 2.5, 30, 50, 0, 1, "0.898139+0.00358631*log(x+19)*log(x+18)*(3-0.416539*log(x+18))+0.013621058315038681" 
0, comb, up, 1, -2.5, 2.5, 50, 70, 0, 1, "0.898139+0.00358631*log(x+19)*log(x+18)*(3-0.416539*log(x+18))+0.015553319826722145" 
0, comb, up, 1, -2.5, 2.5, 70, 100, 0, 1, "0.898139+0.00358631*log(x+19)*log(x+18)*(3-0.416539*log(x+18))+0.012797590345144272" 
0, comb, up, 1, -2.5, 2.5, 100, 140, 0, 1, "0.898139+0.00358631*log(x+19)*log(x+18)*(3-0.416539*log(x+18))+0.014703827910125256" 
0, comb, up, 1, -2.5, 2.5, 140, 200, 0, 1, "0.898139+0.00358631*log(x+19)*log(x+18)*(3-0.416539*log(x+18))+0.017590876668691635" 
0, comb, up, 1, -2.5, 2.5, 200, 300, 0, 1, "0.898139+0.00358631*log(x+19)*log(x+18)*(3-0.416539*log(x+18))+0.047036763280630112" 
0, comb, up, 1, -2.5, 2.5, 300, 600, 0, 1, "0.898139+0.00358631*log(x+19)*log(x+18)*(3-0.416539*log(x+18))+0.10389770567417145" 
0, comb, up, 1, -2.5, 2.5, 600, 1000, 0, 1, "0.898139+0.00358631*log(x+19)*log(x+18)*(3-0.416539*log(x+18))+0.17651797831058502" 
0, comb, up, 0, -2.5, 2.5, 20, 30, 0, 1, "0.898139+0.00358631*log(x+19)*log(x+18)*(3-0.416539*log(x+18))+0.021184198558330536" 
0, comb, up, 0, -2.5, 2.5, 30, 50, 0, 1, "0.898139+0.00358631*log(x+19)*log(x+18)*(3-0.416539*log(x+18))+0.0054484233260154724" 
0, comb, up, 0, -2.5, 2.5, 50, 70, 0, 1, "0.898139+0.00358631*log(x+19)*log(x+18)*(3-0.416539*log(x+18))+0.006221327930688858" 
0, comb, up, 0, -2.5, 2.5, 70, 100, 0, 1, "0.898139+0.00358631*log(x+19)*log(x+18)*(3-0.416539*log(x+18))+0.0051190359517931938" 
0, comb, up, 0, -2.5, 2.5, 100, 140, 0, 1, "0.898139+0.00358631*log(x+19)*log(x+18)*(3-0.416539*log(x+18))+0.0058815311640501022" 
0, comb, up, 0, -2.5, 2.5, 140, 200, 0, 1, "0.898139+0.00358631*log(x+19)*log(x+18)*(3-0.416539*log(x+18))+0.0070363506674766541" 
0, comb, up, 0, -2.5, 2.5, 200, 300, 0, 1, "0.898139+0.00358631*log(x+19)*log(x+18)*(3-0.416539*log(x+18))+0.018814705312252045" 
0, comb, up, 0, -2.5, 2.5, 300, 600, 0, 1, "0.898139+0.00358631*log(x+19)*log(x+18)*(3-0.416539*log(x+18))+0.041559081524610519" 
0, comb, up, 0, -2.5, 2.5, 600, 1000, 0, 1, "0.898139+0.00358631*log(x+19)*log(x+18)*(3-0.416539*log(x+18))+0.070607192814350128" 
1, comb, central, 1, -2.5, 2.5, 20, 1000, 0, 1, "0.8295+0.00457149*log(x+19)*log(x+18)*(3-0.352555*log(x+18))" 
1, comb, central, 0, -2.5, 2.5, 20, 1000, 0, 1, "0.8295+0.00457149*log(x+19)*log(x+18)*(3-0.352555*log(x+18))" 
1, comb, down, 1, -2.5, 2.5, 20, 30, 0, 1, "0.8295+0.00457149*log(x+19)*log(x+18)*(3-0.352555*log(x+18))-0.089322380721569061" 
1, comb, down, 1, -2.5, 2.5, 30, 50, 0, 1, "0.8295+0.00457149*log(x+19)*log(x+18)*(3-0.352555*log(x+18))-0.025955742225050926" 
1, comb, down, 1, -2.5, 2.5, 50, 70, 0, 1, "0.8295+0.00457149*log(x+19)*log(x+18)*(3-0.352555*log(x+18))-0.02944386750459671" 
1, comb, down, 1, -2.5, 2.5, 70, 100, 0, 1, "0.8295+0.00457149*log(x+19)*log(x+18)*(3-0.352555*log(x+18))-0.022364210337400436" 
1, comb, down, 1, -2.5, 2.5, 100, 140, 0, 1, "0.8295+0.00457149*log(x+19)*log(x+18)*(3-0.352555*log(x+18))-0.024298461154103279" 
1, comb, down, 1, -2.5, 2.5, 140, 200, 0, 1, "0.8295+0.00457149*log(x+19)*log(x+18)*(3-0.352555*log(x+18))-0.027622958645224571" 
1, comb, down, 1, -2.5, 2.5, 200, 300, 0, 1, "0.8295+0.00457149*log(x+19)*log(x+18)*(3-0.352555*log(x+18))-0.077389940619468689" 
1, comb, down, 1, -2.5, 2.5, 300, 600, 0, 1, "0.8295+0.00457149*log(x+19)*log(x+18)*(3-0.352555*log(x+18))-0.14685556292533875" 
1, comb, down, 1, -2.5, 2.5, 600, 1000, 0, 1, "0.8295+0.00457149*log(x+19)*log(x+18)*(3-0.352555*log(x+18))-0.20808655023574829" 
1, comb, down, 0, -2.5, 2.5, 20, 30, 0, 1, "0.8295+0.00457149*log(x+19)*log(x+18)*(3-0.352555*log(x+18))-0.029774127528071404" 
1, comb, down, 0, -2.5, 2.5, 30, 50, 0, 1, "0.8295+0.00457149*log(x+19)*log(x+18)*(3-0.352555*log(x+18))-0.0086519140750169754" 
1, comb, down, 0, -2.5, 2.5, 50, 70, 0, 1, "0.8295+0.00457149*log(x+19)*log(x+18)*(3-0.352555*log(x+18))-0.0098146228119730949" 
1, comb, down, 0, -2.5, 2.5, 70, 100, 0, 1, "0.8295+0.00457149*log(x+19)*log(x+18)*(3-0.352555*log(x+18))-0.0074547366239130497" 
1, comb, down, 0, -2.5, 2.5, 100, 140, 0, 1, "0.8295+0.00457149*log(x+19)*log(x+18)*(3-0.352555*log(x+18))-0.0080994870513677597" 
1, comb, down, 0, -2.5, 2.5, 140, 200, 0, 1, "0.8295+0.00457149*log(x+19)*log(x+18)*(3-0.352555*log(x+18))-0.0092076528817415237" 
1, comb, down, 0, -2.5, 2.5, 200, 300, 0, 1, "0.8295+0.00457149*log(x+19)*log(x+18)*(3-0.352555*log(x+18))-0.025796646252274513" 
1, comb, down, 0, -2.5, 2.5, 300, 600, 0, 1, "0.8295+0.00457149*log(x+19)*log(x+18)*(3-0.352555*log(x+18))-0.048951853066682816" 
1, comb, down, 0, -2.5, 2.5, 600, 1000, 0, 1, "0.8295+0.00457149*log(x+19)*log(x+18)*(3-0.352555*log(x+18))-0.069362185895442963" 
1, comb, up, 1, -2.5, 2.5, 20, 30, 0, 1, "0.8295+0.00457149*log(x+19)*log(x+18)*(3-0.352555*log(x+18))+0.089322380721569061" 
1, comb, up, 1, -2.5, 2.5, 30, 50, 0, 1, "0.8295+0.00457149*log(x+19)*log(x+18)*(3-0.352555*log(x+18))+0.025955742225050926" 
1, comb, up, 1, -2.5, 2.5, 50, 70, 0, 1, "0.8295+0.00457149*log(x+19)*log(x+18)*(3-0.352555*log(x+18))+0.02944386750459671" 
1, comb, up, 1, -2.5, 2.5, 70, 100, 0, 1, "0.8295+0.00457149*log(x+19)*log(x+18)*(3-0.352555*log(x+18))+0.022364210337400436" 
1, comb, up, 1, -2.5, 2.5, 100, 140, 0, 1, "0.8295+0.00457149*log(x+19)*log(x+18)*(3-0.352555*log(x+18))+0.024298461154103279" 
1, comb, up, 1, -2.5, 2.5, 140, 200, 0, 1, "0.8295+0.00457149*log(x+19)*log(x+18)*(3-0.352555*log(x+18))+0.027622958645224571" 
1, comb, up, 1, -2.5, 2.5, 200, 300, 0, 1, "0.8295+0.00457149*log(x+19)*log(x+18)*(3-0.352555*log(x+18))+0.077389940619468689" 
1, comb, up, 1, -2.5, 2.5, 300, 600, 0, 1, "0.8295+0.00457149*log(x+19)*log(x+18)*(3-0.352555*log(x+18))+0.14685556292533875" 
1, comb, up, 1, -2.5, 2.5, 600, 1000, 0, 1, "0.8295+0.00457149*log(x+19)*log(x+18)*(3-0.352555*log(x+18))+0.20808655023574829" 
1, comb, up, 0, -2.5, 2.5, 20, 30, 0, 1, "0.8295+0.00457149*log(x+19)*log(x+18)*(3-0.352555*log(x+18))+0.029774127528071404" 
1, comb, up, 0, -2.5, 2.5, 30, 50, 0, 1, "0.8295+0.00457149*log(x+19)*log(x+18)*(3-0.352555*log(x+18))+0.0086519140750169754" 
1, comb, up, 0, -2.5, 2.5, 50, 70, 0, 1, "0.8295+0.00457149*log(x+19)*log(x+18)*(3-0.352555*log(x+18))+0.0098146228119730949" 
1, comb, up, 0, -2.5, 2.5, 70, 100, 0, 1, "0.8295+0.00457149*log(x+19)*log(x+18)*(3-0.352555*log(x+18))+0.0074547366239130497" 
1, comb, up, 0, -2.5, 2.5, 100, 140, 0, 1, "0.8295+0.00457149*log(x+19)*log(x+18)*(3-0.352555*log(x+18))+0.0080994870513677597" 
1, comb, up, 0, -2.5, 2.5, 140, 200, 0, 1, "0.8295+0.00457149*log(x+19)*log(x+18)*(3-0.352555*log(x+18))+0.0092076528817415237" 
1, comb, up, 0, -2.5, 2.5, 200, 300, 0, 1, "0.8295+0.00457149*log(x+19)*log(x+18)*(3-0.352555*log(x+18))+0.025796646252274513" 
1, comb, up, 0, -2.5, 2.5, 300, 600, 0, 1, "0.8295+0.00457149*log(x+19)*log(x+18)*(3-0.352555*log(x+18))+0.048951853066682816" 
1, comb, up, 0, -2.5, 2.5, 600, 1000, 0, 1, "0.8295+0.00457149*log(x+19)*log(x+18)*(3-0.352555*log(x+18))+0.069362185895442963" 
2, comb, central, 1, -2.5, 2.5, 20, 1000, 0, 1, "0.653534+0.00983647*log(x+19)*log(x+18)*(3-0.347333*log(x+18))" 
2, comb, central, 0, -2.5, 2.5, 20, 1000, 0, 1, "0.653534+0.00983647*log(x+19)*log(x+18)*(3-0.347333*log(x+18))" 
2, comb, down, 1, -2.5, 2.5, 20, 30, 0, 1, "0.653534+0.00983647*log(x+19)*log(x+18)*(3-0.347333*log(x+18))-0.13311091065406799" 
2, comb, down, 1, -2.5, 2.5, 30, 50, 0, 1, "0.653534+0.00983647*log(x+19)*log(x+18)*(3-0.347333*log(x+18))-0.03680875152349472" 
2, comb, down, 1, -2.5, 2.5, 50, 70, 0, 1, "0.653534+0.00983647*log(x+19)*log(x+18)*(3-0.347333*log(x+18))-0.038591671735048294" 
2, comb, down, 1, -2.5, 2.5, 70, 100, 0, 1, "0.653534+0.00983647*log(x+19)*log(x+18)*(3-0.347333*log(x+18))-0.035466548055410385" 
2, comb, down, 1, -2.5, 2.5, 100, 140, 0, 1, "0.653534+0.00983647*log(x+19)*log(x+18)*(3-0.347333*log(x+18))-0.041760213673114777" 
2, comb, down, 1, -2.5, 2.5, 140, 200, 0, 1, "0.653534+0.00983647*log(x+19)*log(x+18)*(3-0.347333*log(x+18))-0.048865348100662231" 
2, comb, down, 1, -2.5, 2.5, 200, 300, 0, 1, "0.653534+0.00983647*log(x+19)*log(x+18)*(3-0.347333*log(x+18))-0.12729319930076599" 
2, comb, down, 1, -2.5, 2.5, 300, 600, 0, 1, "0.653534+0.00983647*log(x+19)*log(x+18)*(3-0.347333*log(x+18))-0.19320501387119293" 
2, comb, down, 1, -2.5, 2.5, 600, 1000, 0, 1, "0.653534+0.00983647*log(x+19)*log(x+18)*(3-0.347333*log(x+18))-0.25903189182281494" 
2, comb, down, 0, -2.5, 2.5, 20, 30, 0, 1, "0.653534+0.00983647*log(x+19)*log(x+18)*(3-0.347333*log(x+18))-0.038031689822673798" 
2, comb, down, 0, -2.5, 2.5, 30, 50, 0, 1, "0.653534+0.00983647*log(x+19)*log(x+18)*(3-0.347333*log(x+18))-0.010516786016523838" 
2, comb, down, 0, -2.5, 2.5, 50, 70, 0, 1, "0.653534+0.00983647*log(x+19)*log(x+18)*(3-0.347333*log(x+18))-0.011026191525161266" 
2, comb, down, 0, -2.5, 2.5, 70, 100, 0, 1, "0.653534+0.00983647*log(x+19)*log(x+18)*(3-0.347333*log(x+18))-0.010133299045264721" 
2, comb, down, 0, -2.5, 2.5, 100, 140, 0, 1, "0.653534+0.00983647*log(x+19)*log(x+18)*(3-0.347333*log(x+18))-0.01193148922175169" 
2, comb, down, 0, -2.5, 2.5, 140, 200, 0, 1, "0.653534+0.00983647*log(x+19)*log(x+18)*(3-0.347333*log(x+18))-0.013961527496576309" 
2, comb, down, 0, -2.5, 2.5, 200, 300, 0, 1, "0.653534+0.00983647*log(x+19)*log(x+18)*(3-0.347333*log(x+18))-0.036369483917951584" 
2, comb, down, 0, -2.5, 2.5, 300, 600, 0, 1, "0.653534+0.00983647*log(x+19)*log(x+18)*(3-0.347333*log(x+18))-0.055201433598995209" 
2, comb, down, 0, -2.5, 2.5, 600, 1000, 0, 1, "0.653534+0.00983647*log(x+19)*log(x+18)*(3-0.347333*log(x+18))-0.074009113013744354" 
2, comb, up, 1, -2.5, 2.5, 20, 30, 0, 1, "0.653534+0.00983647*log(x+19)*log(x+18)*(3-0.347333*log(x+18))+0.13311091065406799" 
2, comb, up, 1, -2.5, 2.5, 30, 50, 0, 1, "0.653534+0.00983647*log(x+19)*log(x+18)*(3-0.347333*log(x+18))+0.03680875152349472" 
2, comb, up, 1, -2.5, 2.5, 50, 70, 0, 1, "0.653534+0.00983647*log(x+19)*log(x+18)*(3-0.347333*log(x+18))+0.038591671735048294" 
2, comb, up, 1, -2.5, 2.5, 70, 100, 0, 1, "0.653534+0.00983647*log(x+19)*log(x+18)*(3-0.347333*log(x+18))+0.035466548055410385" 
2, comb, up, 1, -2.5, 2.5, 100, 140, 0, 1, "0.653534+0.00983647*log(x+19)*log(x+18)*(3-0.347333*log(x+18))+0.041760213673114777" 
2, comb, up, 1, -2.5, 2.5, 140, 200, 0, 1, "0.653534+0.00983647*log(x+19)*log(x+18)*(3-0.347333*log(x+18))+0.048865348100662231" 
2, comb, up, 1, -2.5, 2.5, 200, 300, 0, 1, "0.653534+0.00983647*log(x+19)*log(x+18)*(3-0.347333*log(x+18))+0.12729319930076599" 
2, comb, up, 1, -2.5, 2.5, 300, 600, 0, 1, "0.653534+0.00983647*log(x+19)*log(x+18)*(3-0.347333*log(x+18))+0.19320501387119293" 
2, comb, up, 1, -2.5, 2.5, 600, 1000, 0, 1, "0.653534+0.00983647*log(x+19)*log(x+18)*(3-0.347333*log(x+18))+0.25903189182281494" 
2, comb, up, 0, -2.5, 2.5, 20, 30, 0, 1, "0.653534+0.00983647*log(x+19)*log(x+18)*(3-0.347333*log(x+18))+0.038031689822673798" 
2, comb, up, 0, -2.5, 2.5, 30, 50, 0, 1, "0.653534+0.00983647*log(x+19)*log(x+18)*(3-0.347333*log(x+18))+0.010516786016523838" 
2, comb, up, 0, -2.5, 2.5, 50, 70, 0, 1, "0.653534+0.00983647*log(x+19)*log(x+18)*(3-0.347333*log(x+18))+0.011026191525161266" 
2, comb, up, 0, -2.5, 2.5, 70, 100, 0, 1, "0.653534+0.00983647*log(x+19)*log(x+18)*(3-0.347333*log(x+18))+0.010133299045264721" 
2, comb, up, 0, -2.5, 2.5, 100, 140, 0, 1, "0.653534+0.00983647*log(x+19)*log(x+18)*(3-0.347333*log(x+18))+0.01193148922175169" 
2, comb, up, 0, -2.5, 2.5, 140, 200, 0, 1, "0.653534+0.00983647*log(x+19)*log(x+18)*(3-0.347333*log(x+18))+0.013961527496576309" 
2, comb, up, 0, -2.5, 2.5, 200, 300, 0, 1, "0.653534+0.00983647*log(x+19)*log(x+18)*(3-0.347333*log(x+18))+0.036369483917951584" 
2, comb, up, 0, -2.5, 2.5, 300, 600, 0, 1, "0.653534+0.00983647*log(x+19)*log(x+18)*(3-0.347333*log(x+18))+0.055201433598995209" 
2, comb, up, 0, -2.5, 2.5, 600, 1000, 0, 1, "0.653534+0.00983647*log(x+19)*log(x+18)*(3-0.347333*log(x+18))+0.074009113013744354" 
0, incl, central, 2, 0, 2.4, 20, 1000, 0, 1, "1.17317+-1.18542e-05*x+1.58328e-08*x*x+5.08465/x" 
0, incl, down, 2, 0, 2.4, 20, 1000, 0, 1, "(1.17317+-1.18542e-05*x+1.58328e-08*x*x+5.08465/x)*(1-(0.0475574+1.67398e-05*x+-3.51589e-08*x*x))" 
0, incl, down_correlated, 2, 0, 2.4, 20, 1000, 0, 1, "(1.17317+-1.18542e-05*x+1.58328e-08*x*x+5.08465/x)*(1-(0.0449941+1.70354e-05*x+-3.6835e-08*x*x))" 
0, incl, down_uncorrelated, 2, 0, 2.4, 20, 1000, 0, 1, "(1.17317+-1.18542e-05*x+1.58328e-08*x*x+5.08465/x)*(1-(0.0159223))" 
0, incl, up, 2, 0, 2.4, 20, 1000, 0, 1, "(1.17317+-1.18542e-05*x+1.58328e-08*x*x+5.08465/x)*(1+(0.0475574+1.67398e-05*x+-3.51589e-08*x*x))" 
0, incl, up_correlated, 2, 0, 2.4, 20, 1000, 0, 1, "(1.17317+-1.18542e-05*x+1.58328e-08*x*x+5.08465/x)*(1+(0.0449941+1.70354e-05*x+-3.6835e-08*x*x))" 
0, incl, up_uncorrelated, 2, 0, 2.4, 20, 1000, 0, 1, "(1.17317+-1.18542e-05*x+1.58328e-08*x*x+5.08465/x)*(1+(0.0159223))" 
1, incl, central, 2, 0, 2.4, 20, 1000, 0, 1, "1.31108+-0.000716599*x+6.80891e-07*x*x+-0.799094/x" 
1, incl, down, 2, 0, 2.4, 20, 1000, 0, 1, "(1.31108+-0.000716599*x+6.80891e-07*x*x+-0.799094/x)*(1-(0.0979915+0.000186439*x+-1.95192e-07*x*x))" 
1, incl, down_correlated, 2, 0, 2.4, 20, 1000, 0, 1, "(1.31108+-0.000716599*x+6.80891e-07*x*x+-0.799094/x)*(1-(0.0902058+0.000196217*x+-2.05669e-07*x*x))" 
1, incl, down_uncorrelated, 2, 0, 2.4, 20, 1000, 0, 1, "(1.31108+-0.000716599*x+6.80891e-07*x*x+-0.799094/x)*(1-(0.0400382))" 
1, incl, up, 2, 0, 2.4, 20, 1000, 0, 1, "(1.31108+-0.000716599*x+6.80891e-07*x*x+-0.799094/x)*(1+(0.0979915+0.000186439*x+-1.95192e-07*x*x))" 
1, incl, up_correlated, 2, 0, 2.4, 20, 1000, 0, 1, "(1.31108+-0.000716599*x+6.80891e-07*x*x+-0.799094/x)*(1+(0.0902058+0.000196217*x+-2.05669e-07*x*x))" 
1, incl, up_uncorrelated, 2, 0, 2.4, 20, 1000, 0, 1, "(1.31108+-0.000716599*x+6.80891e-07*x*x+-0.799094/x)*(1+(0.0400382))" 
2, incl, central, 2, 0, 2.4, 20, 1000, 0, 1, "0.952323+2.08944/sqrt(x)" 
2, incl, down, 2, 0, 2.4, 20, 1000, 0, 1, "(0.952323+2.08944/sqrt(x))*(1-(0.192936+9.85801e-05*x+-1.75362e-08*x*x))" 
2, incl, down_correlated, 2, 0, 2.4, 20, 1000, 0, 1, "(0.952323+2.08944/sqrt(x))*(1-(0.185148+9.73083e-05*x+-3.07825e-08*x*x))" 
2, incl, down_uncorrelated, 2, 0, 2.4, 20, 1000, 0, 1, "(0.952323+2.08944/sqrt(x))*(1-(0.0807811))" 
2, incl, up, 2, 0, 2.4, 20, 1000, 0, 1, "(0.952323+2.08944/sqrt(x))*(1+(0.192936+9.85801e-05*x+-1.75362e-08*x*x))" 
2, incl, up_correlated, 2, 0, 2.4, 20, 1000, 0, 1, "(0.952323+2.08944/sqrt(x))*(1+(0.185148+9.73083e-05*x+-3.07825e-08*x*x))" 
2, incl, up_uncorrelated, 2, 0, 2.4, 20, 1000, 0, 1, "(0.952323+2.08944/sqrt(x))*(1+(0.0807811))" 
